feature,mean,std
y,12.529627,4.5372567
yd,12.5295925,4.5372934
ydd,12.529554,4.5373306
yddd,12.52952,4.537368
