target,mean,std
r,12.7119779586792,4.228248596191406
