feature,mean,std
y,12.705871,4.2669444
yd,12.705827,4.266989
ydd,12.705809,4.2670307
yddd,12.705772,4.2670736
