target,mean,std
r,3.012317180633545,1.1338050365447998
