feature,mean,std
y,12.051157,3.9267914
yd,12.051119,3.9268305
ydd,12.051097,3.9268718
yddd,12.051068,3.9269118
