target,mean,std
r,2.977250814437866,1.1097698211669922
