feature,mean,std
y,11.911155,3.949799
yd,11.91113,3.9498377
ydd,11.911092,3.9498749
yddd,11.911056,3.949914
