target,mean,std
r,12.536609649658203,4.4954986572265625
