feature,mean,std
y,12.198656959891288,5.321558539921827
yd,12.198646164870972,5.321567956697423
ydd,12.198635369911427,5.32157737346773
yddd,12.19862457501267,5.321586790232768
