feature,mean,std
y,11.387285225480573,4.5137290493656685
yd,11.387257341985535,4.513751164046
ydd,11.387229458490488,4.513773278445735
yddd,11.387201574995446,4.513795392564879
