feature,mean,std
y,12.198657,5.3215585
yd,12.198645,5.3215675
ydd,12.198634,5.3215785
yddd,12.198622,5.3215866
