target,mean,std
r,12.209511756896973,5.255040168762207
